CHROM	START	END	MOTIF	REF	GENE	Minimum	Maximum	Median	SD	Mean	NAfraction
chr1	1341593	1341597	AC	2	DVL1	2	4	4	0.470038054286196	3.88224911749874	0
chr1	11944422	11944454	AC	16	PLOD1	10	32	16	2.8518492292821	17.5440636474908	0.175995965708522
chr1	15112329	15112373	TG	22	KAZN	5	75	16	2.68298724981458	17.1276056338028	0.104891578416541
chr1	25812556	25812606	AC	25	SELENON	7	75	25	3.58852775715178	24.9508320726172	0
chr1	30941049	30941070	AAC	7	PUM1_1	0	8	7	0.392072088081703	6.95892351274788	0.465960665658094
chr1	31005791	31005823	AG	16	PUM1_2	9	21	13	1.92398193007623	13.4934077079107	0.005547150781644
chr1	31653746	31653774	AC	14	COL16A1	9	35	12	1.17490665252929	12.969490670701	0
chr1	31728803	31728847	AC	22	ADGRB2	0	95	23	4.54857625472772	23.898386283409	0
chr1	35566629	35566679	CA	25	NCDN	2	37	24	1.81329992754134	24.2580234335201	0.010085728693898
chr1	46936815	46936843	TG	14	CYP4A11	11	16	12	0.847709622111846	12.1316187594554	0
chr1	50419101	50419128	CGG	9	DMRTA2	0	56	9	2.91873917486978	9.03555219364599	0
chr1	54614939	54614953	GT	7	FAM151A	5	20	10	2.37617585258964	7.95234454638124	0.010590015128593
chr1	55058666	55058718	GT	26	PCSK9	0	72	19	3.89317050888915	18.9813414019163	0
chr1	66643727	66643741	TG	7	SGIP1	6	9	7	0.701672007314434	7.28683640303359	0.069087241553202
chr1	70438840	70438868	TG	14	CTH	9	20	16	1.21528692653885	16.0317700453858	0
chr1	89193451	89193471	TTCA	5	GBP4	5	8	5	0.433876835744692	5.1036308623298	0
chr1	92478757	92478793	AG	18	GFI1	5	33	20	2.66014037010489	19.3767624020888	0.034291477559254
chr1	94418422	94418443	CCG	7	ABCD3	4	19	7	0.59077955134947	6.81794871794872	0.213313161875946
chr1	98953355	98953395	TG	20	PLPPR5	1	43	22	2.98935132217392	21.2676438653637	0.071104387291982
chr1	101021817	101021859	AC	21	DPH5	13	26	22	2.14121222518287	21.1347184986595	0.6238023197176
chr1	102889383	102889409	TG	13	COL11A1_1	1	75	18	2.76382908175766	16.3938923395445	0.02571860816944
chr1	103006178	103006206	AAAT	7	COL11A1_2	1	13	10	1.95711358932307	8.87271540469974	0.613716591023701
chr1	109759144	109759182	GT	19	EPS8L3	8	22	17	1.38568009575545	16.9389813414019	0
chr1	111427809	111427861	AC	26	OVGP1	13	41	26	3.30750491676793	26.8361069087242	0
chr1	111489032	111489046	AC	7	TMIGD3	1	8	7	0.912525341208775	6.69566313666162	0
chr1	112713064	112713096	TG	16	PPM1J	8	36	17	1.48284835735448	16.547907211296	0
chr1	112918054	112918102	AATA	12	SLC16A1	0	13	10	2.94312824951899	8.90191628845184	0
chr1	113698152	113698188	AC	18	PHTF1	0	28	15	1.63978820550989	14.9583753784057	0.000504286434695
chr1	118081058	118081090	AC	16	SPAG17	9	41	15	1.64164437223122	14.7044881492688	0
chr1	119753410	119753446	AC	18	HMGCS2	0	75	17	3.10378815111126	16.9723943661972	0.104891578416541
chr1	145903002	145903066	AC	32	ITGA10	2	43	31	4.05203308325699	29.523953605648	0
chr1	150555614	150555618	AC	2	ADAMTSL4	2	10	4	0.976784632072178	3.24079677256682	0
chr1	153772020	153772050	GGT	10	INTS3	4	12	10	0.554262547664969	9.83812405446293	0
chr1	153934802	153934847	CTG	15	DENND4B	6	22	15	1.60607412017207	13.8966212808875	0
chr1	153982302	153982334	AC	16	RAB13	1	30	16	1.30892758139291	15.3441754916793	0
chr1	154869723	154869765	GCT	14	KCNN3	3	26	19	2.29166434713867	17.9780635400908	0
chr1	155721400	155721418	TA	9	DAP3	1	16	9	1.24560488775888	8.4363722697056	0.468986384266263
chr1	156875700	156875736	GT	18	NTRK1	5	51	20	1.65698295630435	19.4467977811397	0
chr1	156944448	156944480	CATT	8	ARHGEF11	5	10	7	0.815549738104314	7.23701462430661	0
chr1	157748441	157748477	AAAT	9	FCRL2	0	20	9	1.87795951494388	8.4245867768595	0.023701462430661
chr1	158686557	158686575	AG	9	SPTA1	10	13	11	0.568475432427208	10.9183673469388	0.97528996469995
chr1	161053462	161053506	TC	22	ARHGAP30	1	36	21	4.53778335203768	20.3474533535048	0
chr1	161214269	161214299	TG	15	NDUFS2	9	24	16	1.68785322335187	16.0902672718104	0
chr1	162590570	162590590	TC	10	UAP1	2	12	10	0.538914638361936	9.85528370640291	0.031265758951084
chr1	167413162	167413188	GT	13	POU2F1	5	16	11	1.16364575287275	11.8042355371901	0.023701462430661
chr1	168293284	168293326	GT	21	TBX19	12	39	22	1.39116880085963	21.6593137254902	0.691376701966717
chr1	169603307	169603349	TG	21	SELP	4	43	20	3.11497201998036	19.994920993228	0.106404437720625
chr1	170664088	170664106	CT	9	PRRX1	1	25	15	3.72030330830061	14.9347596407818	0.045385779122542
chr1	170959375	170959395	AAAT	5	MROH9	0	11	5	1.07501724033808	4.7817581300813	0.007564296520424
chr1	172253489	172253544	CTCTC	11	DNM3	7	12	9	1.3803270234207	9.21698113207547	0.94654563792234
chr1	173992669	173992699	AC	15	RC3H1	1	20	15	1.01133568291188	15.1162177985948	0.138678769541099
chr1	175160788	175160818	CTT	10	KIAA0040	2	14	10	1.57964742353512	9.34656488549618	0.009077155824508
chr1	178465828	178465840	AAAG	3	RASAL2	0	3	3	0.235231426803981	2.9746192893401	0.900655572365103
chr1	179348760	179348815	TG	27	SOAT1	14	30	16	4.71337889058748	18.6553459119497	0.599092284417549
chr1	200575522	200575544	AC	11	KIF14	9	12	11	0.82110658740176	10.3571428571429	0.989409984871407
chr1	202138294	202138326	AC	16	ARL8A	1	27	13	1.58135603939709	14.0895108421583	0
chr1	204156336	204156364	CAGA	7	REN	5	20	7	1.30535471120138	7.80433686333838	0
chr1	207063888	207063916	GT	14	PFKFB2_1	12	27	14	4.09237267170166	16.9720121028744	0
chr1	207068095	207068117	GT	11	PFKFB2_2	1	20	11	2.47211725470096	12.7746585735964	0.003025718608169
chr1	208103054	208103062	CT	4	PLXNA2	4	6	6	0.194902801900553	5.98082744702321	0.000504286434695
chr1	209432291	209432330	AGC	13	MIR205HG	6	17	9	1.99441082790484	10.3745704467354	0.119515885022693
chr1	212444518	212444568	GT	25	NENF	1	28	23	1.97669731973868	22.7748344370861	0.086232980332829
chr1	215171920	215171942	TC	11	KCNK2	0	20	8	1.52550087951456	8.92626599888703	0.093797276853253
chr1	218405343	218405373	TTG	10	TGFB2	2	13	10	0.660365619806416	10.2125796178344	0.049924357034796
chr1	224183256	224183274	GCC	6	DEGS1	1	8	6	0.180767150354447	5.99710504549214	0.390317700453858
chr1	225415377	225415391	AT	7	LBR	3	14	7	0.459466425507696	7.00584795321637	0.913767019667171
chr1	225839366	225839402	GT	18	EPHX1	5	26	18	1.76307271517473	18.6106908724155	0
chr1	228339041	228339075	CA	17	OBSCN	1	75	17	2.20065589083411	17.9102370146243	0
chr1	230780081	230780121	GT	20	CAPN9	1	69	18	2.32515263636784	17.8037336024218	0.000504286434695
chr1	235380161	235380214	TG	26	TBCE	12	36	20	3.67370585272321	21.451646090535	0.754916792738275
chr1	241500602	241500640	GA	19	FH	14	33	21	1.89037351296371	20.9355749486653	0.017650025214322
chr1	246867901	246867921	CA	10	AHCTF1	0	125	10	5.70605933617529	9.68159203980099	0.695915279878971
chr2	7030257	7030305	TG	24	RNF144A	13	35	21	2.96559213443468	21.3176767676768	0.001512859304085
chr2	15351870	15351904	CA	17	NBAS	9	23	12	2.48645044076221	13.7291891891892	0.533535047907211
chr2	27299675	27299715	CTAT	10	TRIM54	2	18	11	0.825966750736665	10.6757438224912	0
chr2	28392945	28392965	GA	10	FOSL2	2	17	10	0.957011843355789	9.64901664145235	0
chr2	31266761	31266793	AC	16	EHD3	4	20	16	1.78075224802441	15.619011598588	0
chr2	32137010	32137014	TA	2	SPAST	1	4	2	0.988126742596061	2.83966244725738	0.16338880484115
chr2	32532134	32532170	GT	18	BIRC6	0	75	24	5.25281487073134	23.3638713383113	0.122037317196167
chr2	40428423	40428453	CA	15	SLC8A1	7	26	13	1.53080036140888	13.137165910237	0
chr2	46151280	46151324	AC	22	PRKCE	12	29	22	1.85502873520302	21.7544	0.05446293494705
chr2	48620779	48620819	AATA	10	GTF2A1L	0	37	10	2.75796605323172	8.7747979426892	0.313666162380232
chr2	54843964	54844004	TG	20	EML6	12	31	23	2.69978287050768	22.0523785425101	0.003530005042864
chr2	55870643	55870673	ACA	10	EFEMP1	2	19	10	0.396299553614846	9.96594349142281	0.000504286434695
chr2	66440068	66440092	AC	12	MEIS1	0	176	18	4.66143270686946	16.5713565305093	0
chr2	73385903	73385951	GGA	16	ALMS1	1	26	17	1.58959717286636	15.9599266631744	0.037317196167423
chr2	74873746	74873767	AGG	7	HK2	3	12	7	1.09834304434358	7.6232980332829	0
chr2	75692146	75692170	AT	12	GCFC2	1	17	10	2.10807607416289	10.3396226415094	0.86636409480585
chr2	86077811	86077857	CA	23	POLR1A	2	75	17	2.73138894927403	16.9249112125824	0.006051437216339
chr2	86474701	86474741	TG	20	KDM3A	0	75	22	2.33808857552023	21.9631782945736	0.089258698940999
chr2	95383111	95383151	CCCA	10	KCNIP3_1	1	17	11	1.88019686286797	10.1674230963187	0
chr2	95384169	95384205	AC	18	KCNIP3_2	1	38	19	2.04954929751392	18.917004048583	0.003530005042864
chr2	96115226	96115253	TCC	9	ADRA2B	5	9	9	1.17434315367031	8.43368633383762	0
chr2	110963565	110963603	TG	19	ACOXL	9	22	16	3.30107174630523	15.9039509536785	0.259707513867877
chr2	111968107	111968121	TG	7	MERTK	6	11	10	1.48112359953233	8.73838383838384	0.001512859304085
chr2	112723361	112723395	CA	17	NT5DC4	13	28	22	2.21168527855876	21.6442259203227	0
chr2	118014106	118014133	GCC	9	CCDC93	2	14	9	0.960879562097504	8.33501326259947	0.049420070600101
chr2	127769005	127769037	TAAA	8	WDR33	0	12	9	2.3222148641341	7.75437112239143	0.10590015128593
chr2	138550827	138550849	TC	11	SPOPL	1	22	13	1.66261036284879	12.6749116607774	0.00100857286939
chr2	152607470	152607506	AC	18	FMNL2	11	29	17	1.25139297083194	16.9710354815351	0.303580433686334
chr2	161418096	161418130	TG	17	TBR1	0	75	17	2.71048036182044	17.0859808371155	0
chr2	168247544	168247562	CCG	6	STK39	2	13	8	3.48209706929603	7.875	0.99798285426122
chr2	168824768	168824788	TTTG	5	NOSTRIN	5	10	7	1.23492103597119	7.00322580645161	0.843671205244579
chr2	174337446	174337494	GGC	16	SP9	2	21	16	0.85879306257904	15.9120020171457	0
chr2	174567262	174567272	AG	5	WIPF1	1	11	5	0.923818261894049	4.42284417549168	0
chr2	174824614	174824630	TA	8	CHN1	1	13	8	1.41884312288119	8.39360730593607	0.447806354009077
chr2	176094385	176094417	CA	16	HOXD13	2	25	16	1.12353737193925	16.09505799294	0
chr2	176118858	176118876	AAAACC	3	HOXD10	0	18	3	0.850436303339142	2.57952069716776	0.305597579425113
chr2	178647040	178647062	TA	11	TTN_1	0	75	10	4.88879280429371	8.77389984825493	0.003025718608169
chr2	178713381	178713411	ACAAA	6	TTN_2	0	11	6	0.847219509948186	6.24029248613212	0
chr2	181547906	181547914	AC	4	CERKL	4	32	11	2.78814399963054	9.61069087241553	0
chr2	186694302	186694320	CAG	6	FAM171B	5	9	7	0.734626519107721	6.95207910750507	0.005547150781644
chr2	190880872	190880920	GCA	16	GLS	1	151	14	5.21279476988408	13.1147757255937	0.235501765002521
chr2	191360751	191360787	TGT	12	MYO1B	9	17	13	1.40041836094812	13.3134328358209	0.966212808875441
chr2	201350681	201350701	AAAAC	4	FLACC1	1	8	4	2.00350162211311	5.94833153928956	0.063035804336863
chr2	205113393	205113423	GT	15	PARD3B	12	36	14	1.61726412458881	14.3485838779956	0.768532526475038
chr2	207081061	207081083	TG	11	KLF7	3	25	11	1.03878302824756	11.7171261930011	0.048915784165406
chr2	210298339	210298367	AC	14	MYL1	11	22	14	2.01491697283741	15.1628272251309	0.036812909732728
chr2	217848163	217848190	GCT	9	TNS1_1	8	12	9	0.263837375125595	9.02748361069087	0
chr2	217893400	217893430	CA	15	TNS1_2	8	24	16	1.42886555659528	15.9760935910478	0.008572869389813
chr2	218463175	218463231	AC	28	USP37	18	24	23	2.54950975679639	21.8333333333333	0.995461422087746
chr2	223765159	223765180	CAT	7	AP1S3	5	10	8	0.978786252994178	8.05474452554745	0.792738275340393
chr2	224854854	224854898	CCAA	11	DOCK10_1	7	13	11	0.964766361133339	10.3829604130809	0.121028744326778
chr2	224855064	224855100	AC	18	DOCK10_2	13	26	20	1.36204407091169	20.2352178423237	0.02773575390822
chr2	232406987	232407005	AC	9	ALPG	7	13	9	0.801858146354541	9.03461344113189	0.00201714573878
chr2	232875345	232875359	AG	7	SNORC	5	7	7	0.766884277447546	6.64170448814927	0
chr2	237510900	237510924	GT	12	MLPH	10	18	12	1.08503649026005	12.2884518406455	0
chr2	238183977	238183985	CA	4	ILKAP	4	6	4	0.746350960311859	4.33434190620272	0
chr2	241850723	241850753	GCA	10	PDCD1	1	33	10	0.625276522956817	9.99055158324821	0.012607160867373
chr3	4697315	4697353	GT	19	ITPR1	13	26	21	1.50413580403611	20.7213114754098	0.169440242057489
chr3	4983829	4983855	GT	13	BHLHE40	2	23	15	1.16366713035499	15.0708522440746	0
chr3	7452558	7452586	TG	14	GRM7	9	17	14	1.32185904425906	13.3893687707641	0.241048915784165
chr3	14485159	14485177	GT	9	SLC6A6	1	33	9	1.27515231697213	9.96982498491249	0.16439737771054
chr3	15498469	15498485	CA	8	COLQ	7	16	8	1.43369912621934	9.08909853249476	0.037821482602118
chr3	17372039	17372055	AAAC	4	TBC1D5	4	9	4	1.92027883678373	5.59247648902821	0.517397881996974
chr3	25569981	25570021	AC	20	RARB	13	21	19	1.53493699221042	18.150974025974	0.844679778113969
chr3	28515715	28515745	TG	15	ZCWPW2	7	17	14	1.40986834965381	14.2028985507246	0.965204236006051
chr3	31532901	31532922	TCC	7	STT3B	1	9	7	0.435997323836657	7.07721382289417	0.066061522945033
chr3	31980841	31980863	CA	11	OSBPL10	2	19	11	1.11362846260845	10.2495682210708	0.708018154311649
chr3	32526653	32526677	CA	12	DYNC1LI1	9	19	12	0.804220930756566	12.1303088803089	0.738779626828038
chr3	32891852	32891872	TC	10	TRIM71	6	16	10	1.35339359089864	9.88073625819465	0
chr3	38585662	38585672	GT	5	SCN5A	5	22	18	2.87731559889975	17.6116994452849	0
chr3	39147046	39147068	AC	11	CSRNP1	0	125	10	3.93548010937943	8.28794769755543	0.112960161371659
chr3	40462029	40462059	CTG	10	RPL14	5	23	13	2.08299955975067	13.0502018163471	0.000504286434695
chr3	40515780	40515820	TG	20	ZNF620	10	26	19	1.45013428359085	18.6071608673727	0
chr3	42758062	42758096	AC	17	CCDC13	12	27	17	1.97463727772917	17.2544125063036	0
chr3	43715085	43715119	TG	17	ABHD5	15	24	18	1.66187876172539	18.4252577319588	0.902168431669188
chr3	45594778	45594844	AC	33	LIMD1	2	115	25	9.18416873421522	28.0486636409481	0
chr3	47101597	47101633	GT	18	SETD2	14	21	18	1.23666941032155	17.9133333333333	0.962178517397882
chr3	49358240	49358258	GCC	6	GPX1	4	6	5	0.79010648651542	4.75617750882501	0
chr3	51385310	51385352	GGA	14	MANF	2	17	14	0.583961153471744	13.8746533555186	0.090771558245083
chr3	51483609	51483645	TG	18	DCAF1	15	23	19	1.42795254035398	18.8162393162393	0.940998487140696
chr3	57301677	57301727	AC	25	DNAH12	13	30	21	2.25290387700027	20.8084922010399	0.418053454362078
chr3	58645457	58645482	AAATA	5	FAM3D	1	7	6	0.76016650875109	5.50602409638554	0.748865355521936
chr3	62491536	62491584	AC	24	CADPS	0	39	25	2.65760982740365	24.7660272589601	0.00100857286939
chr3	63863797	63863824	GCG	9	THOC7	9	12	9	1.06066017177982	9.375	0.99798285426122
chr3	63912685	63912715	CAG	10	ATXN7	0	43	10	1.60086880369796	10.3134140191629	0
chr3	65621917	65621941	CA	12	MAGI1	4	30	13	2.32145357805837	14.1595238095238	0.682299546142209
chr3	66383948	66383972	CA	12	LRIG1	7	75	13	2.33863668583996	13.7130610186586	0
chr3	68976641	68976671	GT	15	EOGT	13	75	20	4.21935719681287	18.8707865168539	0.910237014624307
chr3	78659660	78659674	AT	7	ROBO1	6	9	7	0.770337098278182	7.36335403726708	0.91880988401412
chr3	97748517	97748537	TC	10	EPHA6	7	11	10	1.00884164745173	9.14717101080737	0.206757438224912
chr3	108493022	108493046	AAGG	6	MYH15	2	20	7	0.596338233378224	7.32229262672811	0.124558749369642
chr3	111111899	111111933	TG	17	NECTIN3	0	40	14	1.37076831772032	13.5761808024378	0.007060010085729
chr3	111986428	111986448	TTTGT	4	ABHD10	3	7	5	0.779841751995374	4.82539267015707	0.036812909732728
chr3	113566338	113566364	TG	13	SIDT1	9	19	13	0.69815637827694	12.6722282023681	0.063035804336863
chr3	114308218	114308236	GT	9	TIGIT	1	22	9	1.03597571532789	9.68809024134313	0.038830055471508
chr3	120412036	120412050	AC	7	FSTL1	0	38	7	2.34036412546123	6.47230769230769	0.016641452344932
chr3	121476455	121476485	AC	15	POLQ	7	22	13	1.10172502626045	13.6507490636704	0.46142208774584
chr3	121632468	121632480	GGCTCA	2	HCLS1	2	7	2	0.925761635080697	2.60211800302572	0
chr3	122496319	122496349	AC	15	KPNA1	1	75	16	3.46413283214906	17.3802296964725	0.385274836106909
chr3	125013575	125013605	GAG	10	HEG1	10	16	10	1.95480642752597	10.7246596066566	0
chr3	125552141	125552161	TA	10	OSBPL11	0	18	8	1.68064414051276	8.49495713565305	0
chr3	128899523	128899563	GT	20	ACAD9_1	4	75	20	2.62589722905013	20.3342541436464	0.361069087241553
chr3	128901172	128901200	TGGA	7	ACAD9_2	1	12	7	0.649746715687923	7.10367454068242	0.039334341906203
chr3	130403708	130403728	AC	10	COL6A5	0	26	10	1.45337234294946	9.42266072565245	0.207766011094302
chr3	136023215	136023245	TGTTT	6	PPP2R3A	4	9	6	0.848994770613573	6.50816326530612	0.876449823499748
chr3	142375974	142376000	CA	13	XRN1	11	18	13	1.12778493737756	13.7282157676349	0.02773575390822
chr3	149179711	149179749	AC	19	CP	15	23	19	1.38966390541482	19.1689008042895	0.8119011598588
chr3	151375970	151375980	AT	5	MED12L	0	18	5	2.30906681224932	5.32013633980073	0.038325769036813
chr3	154292726	154292760	AC	17	DHX36	1	27	15	1.60826889942094	15.4312280701754	0.281391830559758
chr3	155116590	155116606	TA	8	MME	1	16	8	2.35662556135843	9.09450080085425	0.05547150781644
chr3	160425022	160425052	TG	15	SMC4	12	27	16	3.60819321867395	18.0339256865913	0.687846696923853
chr3	160756752	160756790	GT	19	PPM1L	1	31	19	2.23399223820906	20.1923852748361	0
chr3	165058859	165058887	AC	14	SI	1	75	18	2.47654470182953	17.901376146789	0.010590015128593
chr3	171009912	171009950	GT	19	SLC2A2	8	33	19	1.43700139880717	18.9104046242775	0.302067574382249
chr3	179764183	179764215	TG	16	USP13	13	21	15	0.715693405697521	15.2831190609279	0.097831568330812
chr3	186584602	186584622	GT	10	DNAJB11	0	105	17	2.90036657620648	17.5890065557236	0
chr3	193614631	193614635	TG	2	OPA1	2	9	2	0.957841063472459	2.6981845688351	0
chr4	3074876	3074933	CAG	19	HTT	5	40	17	3.214356010791	18.2541371158392	0.146747352496218
chr4	3589096	3589116	AC	10	LINC00955	2	13	9	0.650743489444793	8.97968836950473	0.093797276853253
chr4	6414076	6414122	TG	23	PPP2R2C	6	32	21	1.99947741564358	21.5305598356446	0.018154311649017
chr4	8449929	8449949	TTTTC	4	TRMT44	2	7	6	1.14340824038538	5.11458333333333	0.927382753403933
chr4	15003254	15003269	GCC	5	CPEB2	5	12	5	0.467244911463801	5.12027231467474	0
chr4	17883673	17883693	AC	10	LCORL	1	16	11	0.628691269517768	10.7155824508321	0
chr4	36128477	36128503	AC	13	ARAP2	12	30	16	2.52780825100685	16.812101910828	0.287443267776097
chr4	41627019	41627053	GT	17	LIMCH1	5	28	18	1.4857748119306	17.9358510087946	0.025214321734745
chr4	48535586	48535614	AC	14	FRYL	1	53	16	1.7302638225856	16.2620738636364	0.644982349974786
chr4	64314590	64314638	GT	24	TECRL	19	21	20	1.4142135623731	20	0.999495713565305
chr4	69940111	69940149	CA	19	CSN1S1	0	75	18	3.42003823282186	17.7363955529549	0.138174483106404
chr4	73067954	73067988	TG	17	COX18	10	22	15	0.903716892882611	14.6893617021277	0.525970751386788
chr4	74281324	74281350	GT	13	MTHFD2L	11	24	13	2.90024853345734	14.4569789674952	0.208774583963691
chr4	75876184	75876188	AG	2	PPEF2	0	4	4	0.209997266965455	3.98608299595142	0.003530005042864
chr4	76756396	76756416	CT	10	SHROOM3	1	51	10	1.61825341947474	10.3688855269793	0
chr4	78058103	78058119	GT	8	FRAS1_1	5	12	8	0.868507455812915	8.27057842046719	0.093292990418558
chr4	78429046	78429062	TG	8	FRAS1_2	7	13	10	1.52800201047877	9.55906821963394	0.090771558245083
chr4	81092465	81092513	AAGG	12	PRKG2	10	13	13	1.5	12.25	0.99899142713061
chr4	86796963	86796975	TCTA	3	PTPN13	3	5	3	0.324442842261525	3.05263157894737	0.990418557740797
chr4	87611030	87611062	GT	16	DSPP	14	21	17	1.58794753721664	16.953125	0.983862834089763
chr4	95114645	95114669	AC	12	BMPR1B	6	19	13	0.64773354571427	12.5012738853503	0.208270297528996
chr4	99591870	99591888	TG	9	MTTP	0	35	9	0.849632221785093	8.81944444444444	0.001512859304085
chr4	101346879	101346903	CCG	8	PPP3CA	6	12	8	0.948127774428511	8.5796772566818	0
chr4	105233833	105233857	ATAG	6	TET2	1	9	6	1.18868345860879	5.4059505799294	0
chr4	112657170	112657200	TG	15	LARP7	14	22	15	1.59467713631385	15.6521739130435	0.988401412002017
chr4	113333298	113333330	TG	16	ANK2_1	12	24	16	1.15237758944332	15.9498666666667	0.05446293494705
chr4	113365201	113365231	TG	15	ANK2_2	12	21	14	1.53973488502647	14.4112021857923	0.630862329803328
chr4	119319647	119319677	ATA	10	FABP2	0	15	10	2.57019729007523	9.91530373831776	0.56833081190116
chr4	139889909	139889966	TGC	19	MAML3	6	28	15	1.61368048930726	15.5264750378215	0
chr4	145885610	145885656	AG	23	ZNF827	13	28	20	1.88351616100237	20.3698940998487	0
chr4	146639305	146639338	GGC	11	POU4F2	1	20	12	1.48023166007391	11.3948562783661	0
chr4	151148254	151148288	AC	17	SH3D19	0	25	15	4.0464054056574	13.1270627062706	0.08320726172466
chr4	152962940	152962982	GT	21	FHDC1	11	28	22	1.69318451421664	21.3539937759336	0.02773575390822
chr4	153702762	153702806	TG	22	TLR2	1	75	21	3.87607674107935	20.161119515885	0
chr4	154259500	154259528	CA	14	DCHS2_1	8	24	14	0.759205531172814	13.8485010706638	0.528996469994957
chr4	154304632	154304664	AAAC	8	DCHS2_2	2	11	6	1.19572621502065	6.91822056473095	0.05345436207766
chr4	159330265	159330295	TG	15	RAPGEF2	11	75	16	4.51051000188132	19.0899444163719	0.00201714573878
chr4	168420457	168420505	AC	24	DDX60L	12	28	14	3.6580299363151	17.1223404255319	0.762985375693394
chr4	188142207	188142243	GT	18	TRIML1	10	72	15	3.71292278705023	15.6005434782609	0.814422592032274
chr5	5200107	5200127	TC	10	ADAMTS16	7	13	11	0.746004693075832	10.9329863370202	0.224911749873928
chr5	9226996	9227010	AT	7	SEMA5A	0	9	7	1.10165591926277	7.01005025125628	0.698940998487141
chr5	17275944	17275970	CT	13	BASP1	1	24	12	1.06930503864916	12.1958868894602	0.019162884518407
chr5	24511545	24511591	AG	23	CDH10	10	30	19	3.61722074364103	20.3356299212598	0.743822491174987
chr5	38528849	38528877	AC	14	LIFR	6	16	13	2.76373399357909	11.5196078431373	0.97428139183056
chr5	41033781	41033829	TATC	12	MROH2B_1	1	17	13	1.74880237188041	12.6198284561049	0.000504286434695
chr5	41069850	41069866	CT	8	MROH2B_2	1	9	8	0.916332013970678	7.39828159645233	0.090267271810388
chr5	56232745	56232769	AC	12	ANKRD55	10	39	12	1.30185664035292	12.78073089701	0.544629349470499
chr5	61332326	61332344	GGC	6	ZSWIM6	0	29	6	1.06601937181419	6.00692307692308	0.016641452344932
chr5	65561597	65561619	AC	11	CENPK	2	12	9	1.05865541399875	9.92723880597015	0.72970247100353
chr5	65664484	65664498	TC	7	TRAPPC13	7	9	9	0.957207127196574	8.28936708860759	0.004034291477559
chr5	73857564	73857586	AC	11	ARHGEF28	2	13	11	1.066928364311	10.1442259203227	0
chr5	74732927	74732979	AC	26	GFM2	16	29	24	2.565094568418	23.6666666666667	0.993948562783661
chr5	94053072	94053112	ATAG	10	ARB2A	8	11	9.5	2.12132034355964	9.5	0.999495713565305
chr5	109817172	109817196	TATATG	4	MAN2A1	0	25	4	1.32628813323854	3.14188752424047	0.219868885526979
chr5	122829775	122829811	AC	18	SNX2	3	21	15	2.66550393599143	15.2235772357724	0.937972768532526
chr5	123023807	123023837	AC	15	PPIC	9	24	16	2.52889928770959	16.9165778251599	0.053958648512355
chr5	126593308	126593344	AC	18	ALDH7A1	6	38	18	1.91990168509262	18.8057099545225	0.00201714573878
chr5	132813630	132813645	GCC	5	SOWAHA	0	39	5	1.82506621680022	5.96917635169277	0.00201714573878
chr5	137498266	137498300	CA	17	SPOCK1	7	47	17	1.35221172266626	16.7302805717311	0.047402924861321
chr5	141573996	141574029	GGA	11	DIAPH1	6	17	11	0.434403499488457	11.0211800302572	0
chr5	141945390	141945408	CTG	6	PCDH12	6	12	9	1.58099779349884	7.6321897073663	0.000504286434695
chr5	143222246	143222284	AC	19	ARHGAP26	11	21	13	2.83948899745802	15.1595744680851	0.004538577912254
chr5	146878728	146878758	CTG	10	PPP2R2B	1	32	10	2.603747573047	12.0287443267776	0
chr5	150203820	150203864	GT	22	SLC6A7	14	32	23	1.40237269611243	23.2269288956127	0
chr5	168431457	168431501	CTGG	11	WWC1	5	14	10	0.640305911273568	9.54711246200608	0.004538577912254
chr5	173318266	173318300	AG	17	STC2	2	33	17	2.4373927205673	17.436014162873	0.003025718608169
chr5	176626335	176626363	GT	14	SNCB	2	47	13	0.899742665489129	12.5494200706001	0
chr5	180620739	180620757	GT	9	FLT4	8	14	9	0.860954739159911	9.5249621785174	0
chr6	7187540	7187590	TTTTA	10	RREB1	1	12	10	3.1733339422725	8.41304347826087	0.988401412002017
chr6	10881554	10881606	TG	26	GCM2	11	94	21	3.90577784445625	20.7724050632911	0.004034291477559
chr6	16327635	16327722	CTG	29	ATXN1	11	45	29	2.11712102236066	29.5584972264246	0
chr6	17805370	17805408	GT	19	KIF13A	0	32	15	4.92078041270711	14.4509116409537	0.640443772062532
chr6	26422159	26422174	CCT	5	BTN2A3P	5	11	5	1.71299842123551	5.83787191124559	0
chr6	31588375	31588421	GA	23	LST1	8	52	23	2.20834875484676	23.0249621785174	0
chr6	31711840	31711878	AC	19	LY6G6F-LY6G6D	0	75	19	2.34657025755512	19.4871406959153	0
chr6	32155584	32155618	TG	17	PPT2	5	41	17	2.10338058428824	17.5625315179022	0
chr6	32223881	32223911	AGC	10	NOTCH4	5	13	9	1.75242547873466	9.27361899845121	0.023197175995966
chr6	33084849	33084897	AAGG	12	HLA-DPB1	2	16	11	4.10248923792072	8.63741805345436	0
chr6	33205971	33205997	AG	13	HSD17B8	9	23	13	1.75091219502091	13.5025214321735	0
chr6	33441113	33441139	TG	13	SYNGAP1	5	22	13	0.92537554097908	12.6971759959657	0
chr6	34792126	34792141	GGC	5	BLTP3A	1	16	5	2.90193660039154	6.99968314321926	0.204236006051437
chr6	34889525	34889561	GGC	12	ANKS1A	12	14	12	0.277350098112615	12.0384615384615	0.986888552697932
chr6	36515518	36515556	CA	19	STK38	12	32	19	1.2245610307066	18.6151797603196	0.24256177508825
chr6	39086166	39086204	AC	19	GLP1R	0	50	18	2.43732438904548	17.6828960645812	0.000504286434695
chr6	39311072	39311120	CA	24	KCNK17	9	27	21	3.49191593018549	19.9518442622951	0.507816439737771
chr6	41772745	41772779	GT	17	FRS3	1	71	20	2.90948862279885	19.3756933938477	0
chr6	42104971	42104989	CTC	6	C6orf132	4	6	6	0.581758514788145	5.81341401916288	0
chr6	44002766	44002793	GCG	9	SCIRT	1	17	9	0.934863343976536	9.18154311649017	0
chr6	45422749	45422794	GGC	15	RUNX2	7	21	15	1.08269560777702	14.8093797276853	0
chr6	53544653	53544674	CCT	7	GCLC	4	10	7	0.906131254617786	7.70096300050684	0.005042864346949
chr6	55359164	55359184	TCTA	5	GFRAL	3	12	5	1.34492459756065	5.84739847715736	0.205244578920827
chr6	75085406	75085424	CA	9	COL12A1	7	13	11	0.847121159379902	10.4984765386959	0.172465960665658
chr6	75907794	75907816	TG	11	MYO6	4	32	11	1.97045929442938	12.6560738083034	0.016137165910237
chr6	83152211	83152231	AC	10	DOP1A	1	75	10	1.60828364927205	9.57495835646863	0.091780131114473
chr6	87216108	87216156	AC	24	ZNF292	8	31	13	4.68168814098785	16.5935828877005	0.528492183560262
chr6	95586993	95587005	TA	6	MANEA	1	11	8	1.15394362178971	7.36737266767524	0
chr6	104852195	104852229	TG	17	HACE1	15	25	18	1.57251697500383	18.4049773755656	0.888552697932426
chr6	109632862	109632902	ATAG	10	AK9	1	14	11	0.863181287800107	10.7481203007519	0.262228946041351
chr6	112206948	112206973	AAACA	5	LAMA4	3	7	5	0.281881211018974	4.99301825993555	0.061018658598084
chr6	116623097	116623127	TTGTT	6	RSPH4A	1	13	6	0.856478363363999	6.50125628140704	0.397881996974281
chr6	117360273	117360299	AC	13	ROS1	7	58	15	3.4163967235493	15.2227671657202	0.023197175995966
chr6	123271039	123271063	TG	12	TRDN	11	15	14	0.840821336242438	13.4602272727273	0.955622793746848
chr6	131847856	131847894	GT	19	ENPP1	Inf	-Inf	NA	NA	NA	1
chr6	133889359	133889377	TC	9	TCF21	8	14	9	0.806235377981868	9.39208270297529	0
chr6	138499134	138499158	AC	12	NHSL1	7	14	11	1.71832164963733	10.9322033898305	0.970247100353001
chr6	143061117	143061147	GT	15	AIG1	7	20	15	1.12734158441913	14.3966212808875	0
chr6	144551136	144551168	AC	16	UTRN	15	19	16	1.18145390656315	15.9375	0.995965708522441
chr6	147314182	147314210	AC	14	STXBP5	5	30	15	0.809062145885284	14.6719263642341	0.232980332829047
chr6	150865721	150865745	CCG	8	MTHFD1L_1	0	12	8	0.832586831353291	8.19251101321586	0.427634896621281
chr6	150898827	150898848	ATT	7	MTHFD1L_2	1	19	7	1.04981016499232	7.33145009416196	0.732223903177005
chr6	170561907	170562015	CAG	36	TBP	3	44	35	2.37288974356784	34.7223903177005	0
chr7	7673310	7673370	AGC	20	UMAD1	16	19	17	0.83452296039628	17.125	0.99798285426122
chr7	18591475	18591507	TG	16	HDAC9_1	12	21	15	0.87097734100447	15.4217585692996	0.661623802319718
chr7	18648410	18648432	TG	11	HDAC9_2	4	48	11	1.21398608715532	11.5847628657921	0.000504286434695
chr7	21765610	21765658	CA	24	DNAH11	2	62	23	4.59723700075092	22.2274103987885	0.00100857286939
chr7	22961164	22961168	CT	2	HYCC1	0	21	4	1.16409495367754	3.47792494481236	0.543116490166415
chr7	36686871	36686897	GT	13	AOAH	8	18	12	0.896013870415486	11.7269288956127	0
chr7	38422554	38422614	TATC	15	AMPH	1	18	15	2.06864810622827	14.3588975434392	0.158345940494201
chr7	42148135	42148177	CA	21	GLI3	12	43	20	1.4556467602123	19.7644032921811	0.019667170953101
chr7	50595602	50595636	AC	17	GRB10	15	24	20	2.58144296472474	19.8181818181818	0.988905698436712
chr7	64544439	64544471	AC	16	ZNF680	10	19	15	0.768350610180663	15.3406454866364	0
chr7	65387877	65387893	TG	8	ZNF92	6	9	8	0.484292577461083	7.84157303370787	0.3267776096823
chr7	66087243	66087283	GT	20	ASL	12	26	19	1.34478767406439	19.071860816944	0
chr7	70790590	70790614	CCA	8	AUTS2	5	10	8	0.246745356038926	8.03756933938477	0
chr7	74053320	74053358	TG	19	ELN	9	48	17	1.6765598054249	17.9427835051546	0.021684316691881
chr7	77259939	77259997	GT	29	CCDC146	2	34	23	4.0903662290327	21.223506743738	0.738275340393343
chr7	87426944	87426980	GT	18	ABCB4	16	24	19	1.38238734238921	19.375	0.951588502269289
chr7	87628584	87628624	GT	20	RUNDC3B	0	75	16	3.04178892528274	16.7023067331671	0.19112455874937
chr7	90304643	90304687	TAGA	11	CFAP69	3	14	10	2.36810443914723	9.3018018018018	0.496217851739788
chr7	93468823	93468835	AAAC	3	CALCR	3	6	6	1.48017369193803	4.70192307692308	0.94755421079173
chr7	94628137	94628163	AC	13	SGCE	12	17	13	0.90331999624819	13.5268817204301	0.906202723146747
chr7	97010193	97010207	CT	7	DLX6	0	15	7	0.932351696392525	7.34134615384615	0.003530005042864
chr7	98953031	98953079	TG	24	TRRAP	3	29	8	5.80014260054788	10.7291981845688	0
chr7	101131806	101131827	AAC	7	SERPINE1	4	9	8	0.565780080627913	7.77632254750899	0.018154311649017
chr7	102397706	102397736	TG	15	PRKRIP1	10	16	13	0.541632231571686	12.9968553459119	0.91981845688351
chr7	103989356	103989380	GCC	8	RELN	3	20	10	1.39809820576009	9.63466183574879	0.164901664145234
chr7	104328746	104328773	AGG	9	LHFPL3	1	14	9	0.786798361524052	8.70020171457388	0
chr7	105076872	105076918	TG	23	KMT2E	2	44	21	2.56807247656261	20.1288451840645	0
chr7	120810624	120810654	CA	15	TSPAN12	3	28	16	0.964709356319056	15.6647727272727	0.156833081190116
chr7	121339471	121339473	CT	1	WNT16	0	4	1	0.731194350072633	1.31643973777105	0
chr7	123129324	123129372	TG	24	SLC13A1	7	29	19	2.54792861789499	18.6687338501292	0.024205748865356
chr7	123689006	123689038	TC	16	WASL	14	15	14.5	0.577350269189626	14.5	0.99899142713061
chr7	128858576	128858598	AC	11	FLNC	2	20	11	0.976467884051694	10.565305093293	0
chr7	137620019	137620053	CA	17	DGKI	3	21	18	2.25707581726225	17.8139534883721	0.978315683308119
chr7	139272494	139272538	TATG	11	UBN2	2	23	11	1.15362764183068	11.123006833713	0.335854765506808
chr7	142030818	142030840	TG	11	MGAM	6	19	10	1.20362633691359	10.1679273827534	0
chr7	142912837	142912881	ATCT	11	TRPV5	3	34	12	0.858930485380176	12.2019667170953	0
chr7	143320553	143320585	TC	16	CLCN1	0	65	16	2.58288885049323	15.8434190620272	0
chr7	149239671	149239689	CGG	6	ZNF212	4	21	7	1.07733806993798	7.79319571865443	0.340393343419062
chr7	150687105	150687155	GT	25	GIMAP2	14	27	24	3.69775433158751	22.0625	0.991931417044882
chr7	151002383	151002453	AC	35	NOS3	1	99	32	4.732412398603	31.368633383762	0
chr7	151971095	151971139	TAGA	11	GALNTL5	2	15	12	1.46089924219935	11.5110497237569	0.908724155320222
chr7	157574513	157574535	GA	11	PTPRN2	7	14	11	0.584411732253647	11.4003322259136	0.392839132627332
chr8	544658	544676	GGC	6	TDRP	4	6	6	1.03279555898864	5.2	0.997478567826525
chr8	1857879	1857927	ATCT	12	ARHGEF10_1	6	15	12	1.07213811953489	11.7742857142857	0.911749873928391
chr8	1866422	1866450	AC	14	ARHGEF10_2	9	15	13	0.832180032826549	12.9463276836158	0.642965204236006
chr8	2949398	2949413	AAAGA	3	CSMD1	2	8	5	0.722242020473048	4.50700934579439	0.02874432677761
chr8	20149572	20149616	TC	22	SLC18A1	14	25	22	0.890940603859583	21.5029585798817	0.488653555219365
chr8	21970369	21970391	AC	11	XPO7	0	34	11	1.25965968357131	11.5202149437052	0.014624306606152
chr8	22404715	22404727	GCT	4	SLC39A14	2	4	4	0.714579215350859	3.69964664310954	0.00100857286939
chr8	23328709	23328745	TG	18	LOXL2	0	35	20	2.18435956671179	19.9313371192566	0.023197175995966
chr8	24395669	24395685	AC	8	ADAMDEC1	7	11	8	0.466187532930774	8.08620689655172	0.912254160363086
chr8	26626482	26626522	AC	20	DPYSL2	2	59	17	2.20019980640514	16.2680282400403	0
chr8	33592228	33592236	AG	4	DUSP26	4	6	4	0.459284435212746	4.11168032786885	0.015632879475542
chr8	38969941	38969977	TG	18	PLEKHA2	0	42	18	2.66954472900367	18.1765002521432	0
chr8	73422779	73422783	AGAA	1	STAU2	1	3	1	0.950682785133993	1.69148936170213	0.976298537569339
chr8	94509625	94509645	AC	10	VIRMA	1	23	10	1.96554687550377	8.88604060913705	0.006555723651034
chr8	98155909	98155955	TG	23	POP1	0	75	23	4.14110409517435	22.3729156139464	0.00201714573878
chr8	104588971	104588998	GCC	9	LRP12	3	20	9	3.00818628112508	9.49209183673469	0.011598587997983
chr8	109607808	109607854	CA	23	SYBU	16	31	25	3.27484350472952	24.2853025936599	0.650025214321735
chr8	123369909	123369969	TCA	20	ATAD2	2	23	20	3.14637255678725	18.8718476582604	0.020171457387796
chr8	132728013	132728049	GT	18	TMEM71	12	28	17	1.58590349136219	16.8560115190785	0.299546142208775
chr8	132888595	132888621	TG	13	TG_1	11	33	14	0.751436513642419	13.5849722642461	0
chr8	132966456	132966466	TC	5	TG_2	1	13	5	1.02626344933902	4.78365758754864	0.351991931417045
chr8	133039953	133039979	CA	13	SLA	8	19	13	2.08387749860725	12.7156753752084	0.092788703983863
chr8	138367860	138367886	AC	13	FAM135B	11	38	13	0.872512659993567	13.0518439337253	0.05648008068583
chr8	143429783	143429813	TGG	10	MAFA	1	15	9	0.489526975148535	8.93292990418558	0
chr8	143559981	143560001	AGGGC	4	GSDMD	3	9	4	1.00974061365807	4.64800806858296	0
chr8	144464728	144464736	CT	4	TMEM276-ZFTRAF1	2	4	4	0.984431977956895	3.17574382249117	0
chr9	2039764	2039836	CAG	24	SMARCA2	6	31	24	1.05955408611543	23.7143217347453	0
chr9	2622146	2622170	CGG	8	VLDLR	5	11	8	1.63720763220217	7.65656909462219	0.259203227433182
chr9	4125633	4125655	GT	11	GLIS3	2	15	11	1.93576482435256	11.4402739726027	0.079677256681795
chr9	5919543	5919583	AC	20	BRD10	0	151	24	5.33939644124685	23.1636409480585	0
chr9	8338847	8338865	AG	9	PTPRD	7	20	9	4.03912244864135	12.2118644067797	0.613212304589007
chr9	12775862	12775880	GGC	6	LURAP1L	5	11	9	1.19712798093569	8.32375189107413	0
chr9	16418873	16418899	CA	13	BNC2_1	7	30	15	2.15095317276327	14.8171961674231	0
chr9	16582892	16582934	AC	21	BNC2_2	13	36	22	1.51494987983883	22.2183271832718	0.590015128593041
chr9	19336171	19336185	TA	7	DENND4C	0	113	7	2.77477987245714	7.35419847328244	0.009077155824508
chr9	20621902	20621920	GT	9	MLLT3	1	18	9	0.785646768481522	9.05149670218163	0.006051437216339
chr9	21802985	21803037	AC	26	MTAP	0	113	30	7.91100101598239	28.9456240290005	0.026222894604135
chr9	38414033	38414063	CA	15	IGFBPL1	8	26	17	2.37925662645122	16.9868885526979	0
chr9	69234370	69234398	TTTC	7	TJP2	6	10	7	0.672876603361388	7.17647058823529	0.991427130610187
chr9	79720377	79720425	GT	24	TLE4	11	28	22	1.34068198255933	21.9349142280525	0.000504286434695
chr9	81633288	81633324	GT	18	TLE1_1	0	75	13	3.80642951148336	14.8996499416569	0.13565305093293
chr9	81652106	81652138	AC	16	TLE1_2	7	23	16	1.9617040958291	17.1838235294118	0.862834089762985
chr9	82982805	82982833	AG	14	RASEF	10	19	12	1.12019773021577	12.6863760217984	0.074634392334846
chr9	93010456	93010466	GA	5	FGD3	2	13	5	0.890809074641697	4.49293642785066	0.000504286434695
chr9	95508038	95508040	GT	1	PTCH1	0	9	1	1.00474239213748	1.23225806451613	0.765506807866868
chr9	97330686	97330701	GAG	5	CCDC180	3	7	7	0.999207701280589	6.06208985360929	0.00100857286939
chr9	97854412	97854451	GCC	13	FOXE1	1	28	11	1.37738776130615	11.6464952092789	0
chr9	101477211	101477231	AAAC	5	PGAP4	0	28	5	1.13606306444377	5.79626828038326	0
chr9	109320480	109320510	CGCTGC	5	EPB41L4B	0	14	5	0.988439143491449	5.05502063273728	0.633383761976803
chr9	110244299	110244309	TA	5	TXN	0	39	5	5.75634374468559	6.46471471471471	0.664145234493192
chr9	113260580	113260612	AC	16	SLC31A1	10	27	16	1.75171770312044	16.9420070600101	0
chr9	115040906	115040924	AC	9	TNC	8	14	11	0.999713794147281	10.0812368972746	0.037821482602118
chr9	120714264	120714288	CGG	8	MEGF9	3	12	6	0.939956262633496	6.59979787771602	0.00201714573878
chr9	121025419	121025449	AC	15	C5	15	20	17.5	3.53553390593274	17.5	0.999495713565305
chr9	121332699	121332719	GT	10	GSN	0	39	10	0.97611536521947	10.0811901159859	0
chr9	123035639	123035683	GT	22	RABGAP1	11	75	16	1.62249427850258	16.5494200706001	0
chr9	123169873	123169891	AT	9	STRBP	8	10	9	0.737864787372622	9.1	0.997478567826525
chr9	136980866	136980902	CATT	9	PTGDS	2	33	10	0.678718725315169	10.0700958144226	0
chr9	138052249	138052263	GT	7	CACNA1B	5	19	7	3.24506987514056	9.16252955082742	0.146747352496218
chr10	11005255	11005293	GA	19	CELF2	11	48	19	2.20277604093392	18.6516709511568	0.607665153807363
chr10	14008162	14008210	TG	24	FRMD4A	17	40	27	2.54569432606913	27.2002976190476	0.152798789712557
chr10	15370874	15370898	CCG	8	FAM171A1	8	10	8	0.726273039202563	8.28571428571429	0.996469994957136
chr10	21516537	21516567	CCT	10	SKIDA1	4	12	12	1.00114991318312	11.1633888048411	0
chr10	33182833	33182861	CA	14	NRP1	12	22	14	2.83393169133782	14.5714285714286	0.985879979828543
chr10	37971630	37971672	AC	21	ZNF25	16	22	21	2.05480466765633	20	0.997478567826525
chr10	38115066	38115116	GT	25	ZNF37A	2	75	25	4.43027216550796	24.3289606458123	0.000504286434695
chr10	48946991	48947019	AC	14	WDFY4	2	24	14	0.800908987702448	14.2488653555219	0
chr10	49326924	49326962	AC	19	C10orf71	0	75	24	2.96968965077016	23.9336863338376	0
chr10	50198991	50199013	AC	11	ASAH2	5	13	11	1.27367429381477	10.2119707266074	0.035300050428644
chr10	50991310	50991343	GCC	11	PRKG1	1	16	12	1.83018077991861	10.8005239520958	0.326273323247605
chr10	54132840	54132862	AC	11	PCDH15	10	14	11	0.922853213356403	11.3842592592593	0.94553706505295
chr10	63623755	63623797	TG	21	REEP3	14	26	22	1.61912389983806	21.9718309859155	0.749369641956631
chr10	74114408	74114436	GT	14	VCL	1	27	14	1.58093695672249	13.1596066565809	0
chr10	77079369	77079403	GT	17	KCNMA1	2	23	19	1.64998641503722	18.9349489795918	0.802319717599597
chr10	80166042	80166074	CA	16	ANXA11	9	29	15	3.5857654855827	14.0732240437158	0.077155824508321
chr10	80289495	80289513	TTC	6	MAT1A	3	9	8	0.799636785201661	7.60854922279793	0.02672718103883
chr10	86460340	86460348	AC	4	WAPL	2	4	4	0.613758473195164	3.78955613577024	0.034291477559254
chr10	86699239	86699267	TC	14	LDB3	10	16	13	1.31039861359903	12.4591836734694	0.876449823499748
chr10	87659881	87659905	GCT	8	PAPSS2_1	6	12	8	0.637051615965829	8.33293196869356	0.16238023197176
chr10	87709326	87709344	AT	9	PAPSS2_2	6	10	7	0.967592690989202	7.67639751552795	0.5940494200706
chr10	88914677	88914695	AT	9	STAMBPL1	1	16	9	2.34699235187414	8.73869346733668	0.899646999495714
chr10	95965785	95965821	TG	18	CC2D2B	11	23	18	1.7569500797043	17.7607003891051	0.870398386283409
chr10	97771932	97771950	GCC	6	SFRP5	0	21	6	1.68837285165251	5.40897629853757	0
chr10	99232214	99232256	AC	21	HPSE2	15	26	19	1.56504386684489	19.5958904109589	0.963187090267272
chr10	99660526	99660562	CA	18	ENTPD7	2	35	16	1.4677343905646	15.9752899647	0
chr10	102618931	102618979	GT	24	SUFU	11	41	24	2.75915500229221	24.6782289904117	0.10590015128593
chr10	104055444	104055482	CA	19	COL17A1	4	72	23	2.45500174509792	22.327281896117	0
chr10	104179155	104179181	AG	13	CFAP43	9	17	12	0.787731447343959	12.1048915784165	0
chr10	105214365	105214381	AC	8	SORCS3	7	13	8	1.4435018020488	9.05718015665796	0.034291477559254
chr10	113144088	113144136	TG	24	TCF7L2	2	33	22	3.42984861893071	20.4535477284329	0.012102874432678
chr10	119146428	119146460	GT	16	SFXN4	3	50	17	2.76191205718579	15.9947820748926	0.178517397881997
chr10	119859275	119859305	AC	15	MCMBP	0	75	14	2.70026954388586	13.4039958484691	0.028240040342915
chr10	119918598	119918626	TTTG	7	SEC23IP	1	11	7	0.788338911771533	7.49545913218971	0.000504286434695
chr10	122429494	122429530	TG	18	PLEKHA1	2	27	15	2.43814257976672	16.8469490670701	0
chr11	5643114	5643126	AT	6	TRIM34	0	105	9	5.99722593700496	8.54336863338376	0
chr11	6390700	6390736	CTGGCG	6	SMPD1	2	11	6	0.767619782189052	5.47175995965708	0
chr11	6528404	6528436	GT	16	DNHD1	3	43	17	1.5774896478869	16.7544125063036	0
chr11	7672622	7672642	CA	10	CYB5R2	7	17	10	1.90157578303386	11.3709026727181	0
chr11	8710753	8710793	CA	20	DENND2B	9	29	19	2.4425972052177	19.0206757438225	0
chr11	8964369	8964393	GGCTCA	4	TMEM9B	1	7	4	0.515015019378777	4.29609929078014	0.146747352496218
chr11	14465062	14465110	AC	24	COPB1	13	27	21	2.21302419780593	21.6540697674419	0.913262733232476
chr11	18105983	18106001	CCT	6	SAAL1	5	8	6	0.183725628632367	6.01675977653631	0.007060010085729
chr11	22193319	22193337	AGG	6	ANO5	1	14	14	3.33727501236242	12.2090119435396	0.071104387291982
chr11	26559835	26559875	AC	20	MUC15	4	24	20	1.74642739099562	19.2370283018868	0.78618255168936
chr11	26671047	26671063	TG	8	SLC5A12	7	17	8	2.66016910291933	9.38072669826224	0.042360060514372
chr11	32388003	32388037	AC	17	WT1	13	19	16	1.44316887263117	15.572972972973	0.906707009581442
chr11	47245857	47245885	GT	14	ACP2	9	27	15	3.24208803239793	16.173474533535	0
chr11	47765374	47765414	AAAAG	8	FNBP4_1	8	11	9	0.861944730216919	9.025	0.989914271306102
chr11	47767111	47767123	GGT	4	FNBP4_2	2	4	4	0.992212996248524	3.12910798122066	0.78517397881997
chr11	49207948	49207973	AAACA	5	FOLH1	1	9	5	0.94437747258699	5.41401916288452	0
chr11	61011178	61011204	GT	13	CD6	12	24	16	2.66943808472118	16.6977800201816	0.000504286434695
chr11	61958127	61958142	TCC	5	BEST1	5	9	8	0.692510094473665	7.83232476046394	0
chr11	63299709	63299739	GT	15	SLC22A10	11	27	18	2.15672272145663	17.3570707070707	0.001512859304085
chr11	65444263	65444321	TG	29	NEAT1	3	36	24	4.02025697196935	23.4600781686209	0.096822995461422
chr11	65557854	65557884	CAG	10	LTBP3	0	14	10	1.00437010643405	10.2158746208291	0.002521432173475
chr11	66744819	66744843	GGC	8	TOP6BL	3	16	9	0.775321001722976	8.72388059701493	0.797276853252648
chr11	67644732	67644758	CA	13	ACY3	3	24	14	0.895348754305074	13.7002017145739	0
chr11	70661500	70661554	AC	27	SHANK2	10	33	23	6.7858414150357	19.5527263374486	0.019667170953101
chr11	75441543	75441569	GT	13	GDPD5	1	18	12	0.993993543932695	12.3444276348966	0
chr11	79422248	79422282	AC	17	TENM4	11	27	17	2.84369362922148	18.3085106382979	0.976298537569339
chr11	83248296	83248336	AC	20	ANKRD42	5	25	18	2.15512222809206	18.0543644716692	0.670700958144226
chr11	86268594	86268626	GT	16	EED	2	26	16	2.15067667195715	17.2806476484194	0.345940494200706
chr11	86808883	86808909	GT	13	PRSS23	1	19	13	1.15210505627027	13.0042864346949	0
chr11	90175928	90175952	TG	12	NAALAD2	11	19	13	1.8582927012019	13.5574855252275	0.390317700453858
chr11	93721665	93721701	GT	18	CEP295	0	24	17	1.66994184462976	17.3746848209783	0
chr11	94966226	94966268	AC	21	CWC15	15	23	16	2.59980275385929	17.9	0.989914271306102
chr11	102721318	102721338	TG	10	MMP8	8	22	12	1.49444538887051	10.9828456104945	0.000504286434695
chr11	103191642	103191662	TG	10	DYNC2H1	8	21	10	0.886022717195717	10.2869535045108	0.273323247604639
chr11	107816015	107816053	AC	19	SLC35F2	1	27	19	1.35187831370939	19.0805422647528	0.367624810892587
chr11	108917907	108917931	TGA	8	DDX10	7	11	8	0.324947426818972	8.04845422116528	0.151790216843167
chr11	113202344	113202369	TTTTG	5	NCAM1	4	9	5	0.861302193477664	5.51985111662531	0.796772566817953
chr11	113360051	113360076	TTGTT	5	TTC12	1	13	5	1.95025908079575	6.51210287443268	0
chr11	117902072	117902104	CA	16	TMPRSS13	9	34	15	1.36810634244449	15.1766447368421	0.233484619263742
chr11	118339709	118339741	AC	16	CD3D	14	23	16	1.54568136384762	16.3472012102874	0
chr11	118375256	118375274	TG	9	UBE4A	6	14	9	0.832928527661046	9.42107917297025	0
chr11	118903195	118903209	AG	7	BCL9L	5	24	7	0.589988001478063	6.8320726172466	0
chr11	134184810	134184850	AC	20	NCAPD3	4	29	20	2.47944889696126	19.4994957135653	0
chr12	6936716	6936773	CAG	19	ATN1	8	37	19	3.39596623906742	17.4036812909733	0
chr12	7368967	7368991	GA	12	CD163L1	6	17	12	0.656710066820839	11.7254160363086	0
chr12	7665752	7665806	AC	27	APOBEC1	17	36	26	3.76147575139902	25.4222797927461	0.513363590519415
chr12	8540823	8540835	TC	6	CLEC4E	6	10	8	0.967619185534529	7.25663956639566	0.069591527987897
chr12	8868457	8868475	GT	9	A2ML1	2	13	11	0.851508349803514	10.6772566817953	0
chr12	15681305	15681335	TAA	10	EPS8	10	11	10	0.5	10.25	0.99899142713061
chr12	18701606	18701651	TCC	15	PLCZ1	7	19	12	1.27235004008531	12.0027758501041	0.273323247604639
chr12	20369190	20369210	GT	10	PDE3A	6	20	10	1.50556281324648	10.0945537065053	0
chr12	23950977	23951003	CA	13	SOX5	1	31	12	1.01396787656813	12.0853540252182	0.480080685829551
chr12	33426062	33426098	CA	18	SYT10	12	23	18	1.49546217186434	17.265445026178	0.036812909732728
chr12	40436797	40436821	GT	12	MUC19	7	14	9	1.55892996762131	9.56317135549872	0.014120020171457
chr12	50505003	50505024	CGG	7	DIP2B	4	29	7	4.23617057859426	9.22037422037422	0.75743822491175
chr12	51246604	51246638	TG	17	SMAGP	1	32	19	1.39448414948235	18.3956127080182	0
chr12	52591359	52591373	AC	7	KRT72	5	11	7	1.30325929414801	8.06253151790217	0
chr12	65068649	65068685	TG	18	WIF1	10	32	13	2.80991805508853	15.2079757698132	0.00100857286939
chr12	71626209	71626237	AC	14	ZFC3H1_1	6	20	15	0.58084118575601	14.9513221153846	0.580433686333838
chr12	71629556	71629592	AC	18	ZFC3H1_2	9	33	21	2.08314236079992	20.2014966740577	0.090267271810388
chr12	77028192	77028198	TC	3	E2F7	1	49	3	0.909425915970944	2.91355542791499	0.122037317196167
chr12	80256496	80256520	CAAA	6	OTOGL	1	9	7	0.708874978046275	7.27871148459384	0.639939485627837
chr12	92761623	92761683	AAGA	15	PLEKHG7	10	14	13	0.984731927834662	12.6666666666667	0.996974281391831
chr12	95992868	95992880	CCCT	3	HAL	3	6	3	0.822754626524141	3.58623298033283	0
chr12	100084378	100084426	CA	24	BLTP3B	13	27	22	2.49678748224416	21.112676056338	0.641956631366616
chr12	102958393	102958429	GCA	12	ASCL1	4	25	12	1.18804829391323	12.2887039838628	0
chr12	103620624	103620654	AC	15	STAB2	3	23	15	0.830735008394276	15.0424528301887	0.091275844679778
chr12	104866381	104866415	AC	17	SLC41A2	2	19	14	2.87631456622376	14.28125	0.991931417044882
chr12	109052621	109052639	CGG	6	USP30	1	8	8	1.01704255117822	6.99897435897436	0.508320726172466
chr12	109092473	109092493	CA	10	ALKBH2	6	13	11	0.628927147804428	10.7768762677485	0.005547150781644
chr12	111598950	111599019	CTG	23	ATXN2	15	32	22	1.09916803115481	22.0416666666667	0.806354009077156
chr12	112200884	112200912	GT	14	HECTD4_1	3	32	13	1.03767538333853	13.2203731719617	0
chr12	112247977	112248005	AC	14	HECTD4_2	2	27	14	1.42148024920402	14.3143939393939	0.001512859304085
chr12	117330300	117330328	CA	14	NOS1	11	30	16	1.07861985506297	15.4536056480081	0
chr12	118068522	118068546	TCC	8	VSIG10_1	6	10	8	0.822003117984607	7.5511157239232	0.028240040342915
chr12	118074075	118074100	TTTTG	5	VSIG10_2	0	7	5	0.588971085798546	5.1268969126112	0.036308623298033
chr12	121659137	121659167	CA	15	MORN3	1	22	15	1.82008430744759	14.7022784810127	0.004034291477559
chr12	121921491	121921500	GAG	3	CFAP251	1	12	8	1.72199280106747	7.31742095474272	0.186585980837115
chr12	122238770	122238806	AC	18	VPS33A	1	25	18	2.36766656065822	17.1318897637795	0.871911245587494
chr12	124402512	124402548	GCT	12	NCOR2	6	22	13	1.00183172806571	13.0236486486486	0.701462430660615
chr12	124993835	124993862	CTG	9	BRI3BP	6	11	9	0.682467493393841	9.52245508982036	0.831568330811901
chr12	132062548	132062605	CAG	19	EP400	4	30	20	1.09469718533594	19.6472516389309	0
chr13	28028089	28028111	AG	11	FLT3	9	11	10	0.41144709866951	9.82566765578635	0.660110943015633
chr13	30713841	30713855	GT	7	ALOX5AP	6	10	8	0.596215036416889	8.03443600867679	0.070095814422592
chr13	41787607	41787637	AC	15	VWA8	13	18	16	0.800142032846215	16.0738636363636	0.955622793746848
chr13	49376891	49376919	TAGA	7	CAB39L	6	14	7	2.10635618223482	8.43992248062015	0.739788199697428
chr13	52133615	52133645	CA	15	NEK3	7	24	17	2.3494928746571	16.3542612203732	0
chr13	52436218	52436254	AC	18	VPS36	Inf	-Inf	NA	NA	NA	1
chr13	52455635	52455671	GCGGTG	6	CKAP2	1	7	3	1.44632543657962	4.14447806354009	0
chr13	71866526	71866550	GCC	8	DACH1	0	30	8	1.74868852055685	7.98134140191629	0
chr13	73062772	73062790	GT	9	KLF5	0	12	9	1.0074327006941	9.8320726172466	0
chr13	75871264	75871282	TC	9	LMO7DN	0	61	9	1.35728762542851	8.8385738349242	0.101865859808371
chr13	98883228	98883252	TGT	8	DOCK9	3	11	8	0.586620548508536	8.18867445403758	0.007060010085729
chr13	99970413	99970449	GGC	12	ZIC5	1	19	12	1.23957303427069	11.6464952092789	0
chr13	100268828	100268852	TTCA	6	PCCA	3	7	6	0.802782930876625	5.7693710118505	0.446797781139687
chr13	107866340	107866379	GCT	13	NALF1	6	16	13	0.892936154804319	12.8013111447302	0
chr13	112504547	112504563	AT	8	TUBGCP3	0	75	8	2.6269832966664	7.54540867810293	0.000504286434695
chr13	114234974	114234989	GGC	5	CDC16	4	8	5	0.915786444668855	5.58333333333333	0.818456883509834
chr14	20368764	20368792	CA	14	TEP1	10	22	14	2.14400376718654	14.6517902168432	0
chr14	22883255	22883285	GCACAC	5	REM2	3	5	5	0.478700096997556	4.81141045958796	0.045385779122542
chr14	23103567	23103592	AAAAC	5	CIROP_1	2	9	6	0.590842776578423	6.467481934408	0.092788703983863
chr14	23104886	23104919	GCA	11	CIROP_2	6	12	10	1.12009932861782	10.029460811562	0.092788703983863
chr14	23117248	23117288	AC	20	CEBPE	0	105	21	4.21394310704016	20.7332324760464	0
chr14	23275591	23275615	CAT	8	HOMEZ	6	9	7	0.516031906748428	7.41351487644982	0
chr14	24300643	24300667	GAG	8	NOP9	7	12	9	0.981085901714442	9.18759455370651	0
chr14	34524653	34524681	TG	14	EAPP	12	25	19	2.9036488316509	19.0004340277778	0.419062027231467
chr14	47301291	47301321	CA	15	MDGA2	2	33	13	1.19052945581869	13.0708460754332	0.010590015128593
chr14	53152762	53152774	GCC	4	DDHD1	4	9	6	0.707161368412469	5.738023197176	0
chr14	60465851	60465893	AC	21	C14orf39	9	22	10	3.05215708435165	11.1566920565832	0.536560766515381
chr14	61036960	61037006	TG	23	SLC38A6	0	75	24	3.69679065267584	23.7697690692792	0.279374684820978
chr14	61528973	61529005	GT	16	PRKCH	11	59	21	2.50396896052118	20.1074168797954	0.014120020171457
chr14	61744860	61744894	GT	17	HIF1A	0	75	15	2.461017007136	15.0182926829268	0.503782148260212
chr14	69573086	69573110	GCG	8	CCDC177	0	10	6	0.454104952735226	6.11043872919818	0
chr14	77406590	77406634	AC	22	NOXRED1	1	28	16	2.40255889372991	16.7213817448311	0
chr14	81108343	81108355	TC	6	TSHR	2	14	8	1.01652976662893	7.19147582697201	0.603630862329803
chr14	92071010	92071040	CTG	10	ATXN3	8	46	19	4.99755265156233	18.1710393541877	0.000504286434695
chr14	92449281	92449323	AC	21	SLC24A4	1	23	19	1.9689136304079	18.3880248833593	0.027231467473525
chr14	95099731	95099771	AC	20	DICER1	13	21	18	2.20732433089349	17.1842105263158	0.980837115481594
chr14	95215815	95215859	TG	22	CLMN	1	29	16	2.90691980161192	17.4419568822554	0.087745839636914
chr14	99271298	99271337	CGC	13	BCL11B	1	22	13	1.53123936289712	13.7936851211073	0.417044881492688
chr14	102030057	102030077	GT	10	DYNC1H1	1	16	10	1.30182892005776	9.93998991427131	0
chr15	22786677	22786701	GCG	8	NIPA1	1	11	8	0.564705906075167	7.8493031358885	0.421079172970247
chr15	30928506	30928540	TG	17	FAN1	13	30	19	2.0632365976531	19.0073121533031	0
chr15	32964016	32964048	AC	16	FMN1	13	32	19	1.97882988055381	18.5841584158416	0.949067070095814
chr15	34362138	34362156	TC	9	LPCAT4	8	13	11	1.21249406398619	10.5784165405951	0
chr15	34791307	34791353	CA	23	ACTC1	13	38	22	4.17265675717668	20.4533535047907	0
chr15	38484605	38484632	GGT	9	FAM98B	6	24	9	1.4211699913888	8.67808219178082	0.926374180534544
chr15	39976797	39976806	GAC	3	EIF2AK4	3	7	3	0.791684321264445	3.38729198184569	0
chr15	40553905	40553967	GT	31	CCDC32	8	44	23	5.88650786194223	20.3707015130674	0.266767523953606
chr15	40569992	40570017	GTTTT	5	RPUSD2	2	11	5	1.95339674815329	6.50201714573878	0
chr15	41058570	41058594	GT	12	INO80	9	32	11	1.06313468975369	10.9795613160518	0.494200706001009
chr15	45138078	45138106	TG	14	DUOX1_1	6	75	16	1.68594719622642	16.1307782328847	0.138174483106404
chr15	45153494	45153546	TG	26	DUOX1_2	10	35	18	2.32537311024475	17.7138174483106	0
chr15	45659211	45659229	GT	9	SQOR	1	75	9	1.85161246697117	8.76736566186107	0.615229450327786
chr15	49201053	49201087	GT	17	GALK2	15	21	18	1.46416899628192	17.4444444444444	0.995461422087746
chr15	53523330	53523352	AG	11	WDR72	1	14	11	1.04400936732166	11.4438920454545	0.644982349974786
chr15	62012221	62012257	AC	18	VPS13C	1	36	18	1.84783742560286	17.3676880222841	0.094805849722643
chr15	62783721	62783747	TG	13	TLN2	8	22	10	0.425520700399979	9.96139705882353	0.039838628340898
chr15	68207979	68207999	AC	10	CLN6	0	25	10	1.8205122313055	9.5446247464503	0.005547150781644
chr15	78179815	78179843	CA	14	ACSBG1	7	19	14	1.39283176481242	14.1132694248234	0.000504286434695
chr15	80153171	80153211	GGAGT	8	FAH	4	15	8	1.33128880240481	7.86626139817629	0.004538577912254
chr15	82665376	82665434	AC	29	AP3B2	10	46	18	6.63769106617961	21.5837115481594	0
chr15	89333596	89333629	TGC	11	POLG	4	15	11	0.532725904138902	11.0988401412002	0
chr15	89633008	89633024	AGGG	4	KIF7	1	16	4	1.99314872922006	5.43267776096823	0
chr15	89776889	89776925	AGGGGC	6	MESP2	1	6	2	1.04586840011099	2.85804336863338	0
chr15	90499960	90499985	TGTTT	5	IQGAP1	3	5	3	0.726731400270092	3.36363636363636	0.994452849218356
chr15	91853876	91853900	GCG	8	SLCO3A1	1	19	8	0.587382606750855	7.80836047774159	0.071104387291982
chr15	99712504	99712537	CAG	11	MEF2A	4	15	11	1.28218797215014	10.0348133198789	0.000504286434695
chr15	101021775	101021813	GT	19	LRRK1	3	21	13	1.3983634647896	13.5080685829551	0
chr16	1474773	1474777	GC	2	CLCN7	0	14	2	0.519189685619653	2.11167256189995	0.00201714573878
chr16	3067271	3067309	TG	19	IL32	2	33	19	4.6866735604527	18.949772841999	0.00100857286939
chr16	5055938	5056000	GT	31	C16orf89	13	41	27	3.35409079432108	26.779374684821	0
chr16	7653783	7653799	CT	8	RBFOX1	7	12	8	0.54459402095097	8.51953125	0.160867372667675
chr16	8764843	8764865	CA	11	ABAT	8	14	11	0.742840642235576	10.9959657085224	0
chr16	10531748	10531788	ATGA	10	EMP2	5	12	8	1.04259067883794	8.5875486381323	0.092788703983863
chr16	11915673	11915703	CCG	10	GSPT1	1	21	10	0.981214881483018	10.1986888552698	0
chr16	13234957	13234987	CT	15	SHISA9	3	20	15	0.691992538708409	14.9906707009581	0
chr16	20671440	20671478	AC	19	ACSM1	10	31	19	1.60190227279157	18.5867346938776	0.011598587997983
chr16	22138291	22138313	TG	11	VWA3A	9	15	11	0.691981857635682	11.3873987854251	0.003530005042864
chr16	24729684	24729717	CGG	11	TNRC6A	3	21	11	1.83159546106997	11.3181208053691	0.624306606152294
chr16	25151696	25151722	GT	13	LCMT1	5	46	17	1.00553311625025	16.7572655217966	0.236510337871911
chr16	29798313	29798347	AC	17	KIF22	1	60	15	2.02859173492953	15.4036812909733	0
chr16	31141376	31141392	AAAC	4	PRSS36	3	7	4	0.91187502323157	4.77710539586485	0
chr16	50217760	50217774	TC	7	TENT4B	12	18	16	1.57762127549323	15.6	0.997478567826525
chr16	56192726	56192750	CA	12	GNAO1	8	28	12	0.76002652914174	12.3699540112417	0.013111447302068
chr16	58716559	58716589	AC	15	GOT2	0	75	13	3.3060454459117	13.0347957639939	0
chr16	67195890	67195929	CAG	13	E2F4	4	21	13	0.766283514793414	12.8076147251639	0
chr16	67438473	67438495	CA	11	ATP6V0D1	2	20	11	0.444626310177468	10.9236006051437	0
chr16	67842863	67842950	CAG	29	THAP11	19	44	29	1.3597593937621	28.7788703983863	0
chr16	72787694	72787757	GCC	21	ZFHX3_1	6	30	21	1.13192348812957	20.9329299041856	0
chr16	72797458	72797488	TTG	10	ZFHX3_2	6	29	10	0.571548363238914	9.90242057488654	0
chr16	87604287	87604329	CTG	14	JPH3	7	27	14	1.36879845919396	14.9362077660111	0
chr17	4891200	4891224	CA	12	MINK1	2	47	12	2.88555401992344	12.6565809379728	0
chr17	6659795	6659833	TC	19	ALOX15P1	7	31	20	3.13124344284098	21.40625	0.015632879475542
chr17	6693178	6693230	AC	26	SLC13A5	13	34	26	3.08015887928791	25.559505799294	0
chr17	7823347	7823371	AG	12	DNAH2	8	16	13	0.831945695557499	13.2271810388301	0
chr17	15502809	15502831	CT	11	TVP23C	1	14	9	1.33657936872137	10.0552738336714	0.005547150781644
chr17	17136247	17136280	CAG	11	MPRIP	8	13	10	0.531676236055729	10.178102926337	0.000504286434695
chr17	17793779	17793818	CAG	13	RAI1	6	21	12	0.877399022674901	12.2934947049924	0
chr17	18130817	18130871	GT	27	MYO15A	12	54	28	2.37959754152824	27.7952597075139	0
chr17	31226318	31226358	AC	20	NF1	1	45	21	3.25990168175982	22.1938981341402	0
chr17	39970658	39970684	AC	13	GSDMA	3	14	10	1.37828036961217	10.1561553985873	0.000504286434695
chr17	40019175	40019203	AC	14	MED24	0	75	17	6.52244807570889	13.4828542612204	0
chr17	40863953	40863991	AC	19	KRT12	0	209	23	6.84013102634586	21.9551185073122	0
chr17	40882689	40882725	TTTA	9	KRT20	1	12	9	2.17409998058863	9.30740740740741	0.931921331316188
chr17	42207487	42207525	CA	19	STAT5B	12	29	18	1.03192989985469	17.8705612829324	0.119515885022693
chr17	42310778	42310800	TG	11	STAT5A	8	20	11	0.884979571712641	10.331650681474	0.00100857286939
chr17	42698534	42698568	GT	17	CNTNAP1	4	32	17	0.839671638477657	16.8883005547151	0
chr17	42834437	42834469	GA	16	PSME3	6	21	16	0.849288450130602	16.0045385779123	0
chr17	43545194	43545234	GT	20	ETV4	12	28	21	1.62165811123839	21.368633383762	0
chr17	45024286	45024338	GT	26	DCAKD	2	97	20	3.32501100330329	19.4814528593508	0.021180030257186
chr17	49703348	49703376	CA	14	SLC35B1	2	21	13	0.578194848978653	12.820726172466	0
chr17	50080463	50080505	GT	21	ITGA3	13	29	20	2.25949102972103	19.9299041855774	0
chr17	50568985	50569015	GT	15	CACNA1G	10	28	21	3.58208108950212	19.1633888048412	0
chr17	51831667	51831730	AGC	21	CA10	10	56	33	32.5269119345812	33	0.999495713565305
chr17	55047185	55047217	GT	16	STXBP4	11	18	14	1.66071400743558	14.3260869565217	0.988401412002017
chr17	58244090	58244132	AC	21	LPO	9	26	21	1.6722070091034	20.3102836879433	0.004538577912254
chr17	58526559	58526613	AC	27	SEPTIN4	19	75	27	2.07454364573593	28.0935451336359	0
chr17	62387477	62387481	TC	2	EFCAB3	0	2	2	0.31204765240863	1.94	0.974785678265255
chr17	64193463	64193483	CTTC	5	TEX2	4	8	5	0.668341617031108	5.04740292486132	0
chr17	64522979	64522989	GT	5	CEP95	1	5	5	0.622107628075178	4.86517533252721	0.165910237014624
chr17	74943759	74943793	AC	17	OTOP3	14	33	17	0.732948178307437	16.7682803832577	0
chr17	76480007	76480041	TG	17	RHBDF2	1	53	17	3.58989874486104	15.6220373171962	0
chr17	79834118	79834142	GCC	8	CBX4	8	10	8	0.703745957059011	8.28946041351488	0
chr17	82648488	82648504	CGTG	4	WDR45B	3	7	4	0.932443495946408	4.54081632653061	0.97528996469995
chr18	3188666	3188692	AC	13	MYOM1	9	15	13	0.882160526748285	12.4780635400908	0
chr18	6956505	6956529	CAGCTC	4	LAMA1	2	6	4	0.829349926599829	3.51802757158006	0.048915784165406
chr18	28177057	28177081	GGC	8	CDH2	6	13	8	1.49819210634679	8.40322580645161	0.984367120524458
chr18	54917840	54917870	AC	15	CCDC68	10	16	11	1.46808145478878	11.45	0.994957135653051
chr18	55586155	55586227	CAG	24	TCF4	3	85	14	9.07978107099167	17.3686594202899	0.164901664145234
chr18	58578733	58578771	AC	19	ALPK2	9	75	29	4.09180069558431	27.6507816439738	0
chr18	61499529	61499543	AC	7	CDH20	1	17	8	0.873191435730164	8.02672718103883	0
chr18	77268542	77268569	CCT	9	GALR1	1	11	9	0.860732391707445	8.95381120646138	0.00100857286939
chr18	80177972	80178002	AC	15	PARD6G	10	30	17	2.80229657226865	17.846204620462	0.236006051437216
chr19	2363780	2363788	TG	4	LSM7	1	27	4	2.72477383642874	4.72380952380952	0.841149773071104
chr19	6832020	6832032	GGGT	3	VAV1	3	5	3	0.111809374676194	3.01211801896733	0.042864346949067
chr19	7442124	7442172	CCTT	12	ARHGEF18	4	14	8	2.67604948569194	7.59682299546142	0
chr19	7504080	7504094	TC	7	SAXO5	6	19	11	2.48587295549362	10.0274725274725	0.036308623298033
chr19	7605147	7605177	GT	15	CAMSAP3	2	75	15	4.32941424510734	18.0468986384266	0
chr19	8072966	8073002	GT	18	FBN3	10	27	19	2.35020492347388	18.3681290973273	0
chr19	9967495	9967507	CA	6	COL5A3_1	0	17	6	0.749716648360733	5.69112455874937	0
chr19	9980591	9980603	TC	6	COL5A3_2	5	8	6	0.997697791056334	6.98234997478568	0
chr19	9998232	9998256	CA	12	COL5A3_3	3	17	12	0.633020410673647	11.7798789712557	0
chr19	10180646	10180676	TCA	10	DNMT1	1	13	10	0.381547375835051	10.041351487645	0
chr19	11447525	11447555	GAG	10	PRKCSH	4	23	10	0.714135278276486	9.5292486132123	0
chr19	13207858	13207897	CTG	13	CACNA1A_1	0	26	11	2.10886498443916	11.2785560344828	0.064044377206253
chr19	13212827	13212849	AC	11	CACNA1A_2	9	22	11	1.21880899815466	11.470247100353	0
chr19	14841894	14841922	AG	14	OR7A10	3	28	14	0.911904312673296	13.8663640948058	0
chr19	14881366	14881406	TATT	10	OR7A17	0	13	9	2.4737737279043	8.23550176500252	0
chr19	15684756	15684798	TG	21	CYP4F12	2	31	21	3.66332944901737	19.5943015632879	0
chr19	18786034	18786049	GTC	5	COMP	5	5	5	0	5	0
chr19	20933957	20933997	TG	20	ZNF85	10	26	18	2.94966637508818	16.6807528409091	0.289964699949571
chr19	21375213	21375229	TG	8	ZNF738_1	7	11	9	0.661086285394636	9.00244698205547	0.072617246596067
chr19	21377512	21377534	CA	11	ZNF738_2	8	14	11	0.949858502903493	11.5018587360595	0.86434694906707
chr19	23755558	23755598	AC	20	ZNF681	13	34	20	2.46062386723008	19.4930981595092	0.013615733736763
chr19	34352969	34352989	GCCT	5	GARRE1	0	9	3	1.0214826873601	3.96792929292929	0.001512859304085
chr19	35000422	35000447	GCCCT	5	GRAMD1A	6	6	6	0	6	0.99899142713061
chr19	35676171	35676195	TTTC	6	UPK1A	0	36	6	1.34293611697033	5.99268784669692	0
chr19	39458231	39458273	CCA	14	SUPT5H	1	41	13	1.97198538745348	13.5519415027736	0
chr19	41993501	41993549	CA	24	ATP1A3	0	68	21	1.72312246360098	21.2783661119516	0
chr19	43607372	43607394	AC	11	ZNF428	0	75	11	1.85211641474173	10.7450832072617	0
chr19	44520845	44520869	GT	12	CEACAM20_1	3	14	11	1.16263185277691	10.7355017650025	0
chr19	44529354	44529394	CA	20	CEACAM20_2	10	24	18	1.89271985724032	17.9506993006993	0.278870398386283
chr19	44635348	44635374	TC	13	IGSF23	9	15	12	0.94871632797053	12.1425992779783	0.860312657589511
chr19	45770204	45770264	CAG	20	DMPK	0	94	12	5.74549924233822	11.4525510204082	0.011598587997983
chr19	45795880	45795886	CTC	2	RSPH6A	2	8	2	1.99298919402864	2.75734740015072	0.330811901159859
chr19	48345445	48345473	ATTT	7	TMEM143	0	12	8	1.46926981438241	7.70503211991435	0.057992939989914
chr19	48616643	48616678	CAGCA	7	RPL18	2	17	7	1.23490924468041	7.5350479072113	0
chr19	48897948	48897980	TTAT	8	TULP2	0	12	9	1.70059259319222	8.28189611699445	0
chr19	49141583	49141587	GT	2	PPFIA3	1	12	2	1.01563910852755	2.93645990922844	0
chr19	49154453	49154495	CAT	14	HRC	9	17	14	0.752835163350216	13.6331316187595	0
chr19	49652104	49652134	CCGCTC	5	SCAF1	0	19	4	1.14642956578558	4.19692385274836	0
chr19	51629271	51629305	AC	17	SIGLEC5	9	23	18	1.82105814750546	17.9609178013111	0
chr19	51723884	51723924	AC	20	HAS1	7	29	22	5.38258704533813	20.6528384279476	0.769036812909733
chr19	54123660	54123674	CA	7	PRPF31	1	18	7	0.957695224055922	6.35199193141704	0
chr19	55279518	55279533	GCC	5	HSPBP1	3	11	5	1.50407115094645	6.39258698940998	0
chr19	55490435	55490439	CCAA	1	SSC5D	1	3	3	0.998887502717468	2.04715078164397	0
chr20	2652733	2652757	GGCCTG	4	NOP56	1	25	6	1.89972926413303	5.68317331985851	0.00201714573878
chr20	3694174	3694216	AC	21	SIGLEC1	13	27	21	1.74359113326659	21.320726172466	0
chr20	4857283	4857335	AC	26	SLC23A2	4	72	24	4.49568056795494	22.7621212121212	0.001512859304085
chr20	5994478	5994522	AC	22	MCM8	1	36	22	2.04379901120115	21.960843373494	0.414019162884518
chr20	10644276	10644314	CA	19	JAG1	10	32	20	2.50910963287113	20.1795259707514	0
chr20	13785282	13785291	AGG	3	NDUFAF5	3	3	3	0	3	0.309127584467978
chr20	19665792	19665832	GT	20	SLC24A3	1	50	19	1.90884187814336	19.2196691176471	0.451336359051942
chr20	20629320	20629358	AC	19	RALGAPA2	13	25	19	2.48863862016607	18.4505154639175	0.266263237518911
chr20	23635182	23635206	CA	12	CST3	8	16	12	0.753310286495513	11.9057672502575	0.020675743822491
chr20	25390742	25390745	GCC	1	ABHD12	1	4	4	1.29371713035653	3.26442307692308	0.94755421079173
chr20	31472917	31472937	CA	10	DEFB124	9	16	10	0.906440816845116	10.4783505154639	0.266263237518911
chr20	31766454	31766496	GT	21	TPX2	18	40	21	1.84180194838196	21.1954545454545	0.889056984367121
chr20	34581691	34581703	AG	6	PIGU	4	6	6	0.9336479523401	5.35858915741345	0.227937468482098
chr20	34919576	34919620	GT	22	ACSS2	11	34	21	1.49455613511449	20.7112569409389	0.00100857286939
chr20	43571064	43571102	GT	19	SGK2	11	29	17	2.80885070577113	18.0973272818961	0
chr20	45512561	45512583	CA	11	SPINT3	7	13	10	1.38262694243071	9.38477951635846	0.290973272818961
chr20	45884105	45884143	AC	19	ZSWIM1	1	39	18	1.34016487493952	18.4286434694907	0
chr20	47651070	47651157	GCA	29	NCOA3	16	33	29	1.00793449779716	28.3586956521739	0.002521432173475
chr20	49158904	49158928	AAAT	6	STAU1	0	37	6	1.65388401827033	6.2774762550882	0.256681795259708
chr20	53994888	53994916	AC	14	BCAS1	10	23	14	2.73605531728326	13.9779411764706	0.897125567322239
chr20	63415143	63415155	GACA	3	KCNQ2	5	6	5	0.022476165392716	5.00050530570995	0.00201714573878
chr21	14291456	14291480	GT	12	ABCC13	7	23	13	2.89193289679411	12.5154950869237	0.332829046898638
chr21	15866202	15866220	AT	9	USP25	8	11	9	0.778235001470715	8.73333333333333	0.984871406959153
chr21	18372098	18372138	TG	20	TMPRSS15	3	28	21	2.04854011292116	21.4827882960413	0.707009581442259
chr21	32467905	32467921	AT	8	EVA1C	0	11	8	1.01600994373538	8.3775406504065	0.503782148260212
chr21	34707437	34707469	CA	16	CLIC6	9	36	17	3.67984315836472	18.2407967725668	0
chr21	39313589	39313613	CGC	8	BRWD1	0	83	8	2.1684971416296	7.79914098029308	0.00201714573878
chr21	39345109	39345137	CA	14	HMGN1	11	37	14	4.84341653485995	16.40438950555	0.000504286434695
chr21	42219222	42219252	CCG	10	ABCG1	2	16	10	1.03988830107984	9.73899848254932	0.003025718608169
chr21	44551493	44551505	GTGA	3	KRTAP10-2	0	9	6	1.17035455205243	5.47478567826525	0
chr21	46126476	46126481	GGCCC	1	COL6A2	1	5	1	0.906791607076817	1.31265758951084	0
chr22	24042818	24042876	TG	29	CABIN1	1	89	30	3.74370237073555	30.2637362637363	0.173978819969743
chr22	24938070	24938098	TCAT	7	LHFPL7	1	11	7	0.950293812684	7.51340414769853	0.003025718608169
chr22	25950518	25950550	TG	16	MYO18B	16	30	25.5	3.18305955518714	24.8571428571429	0.996469994957136
chr22	29838203	29838227	GCC	8	ASCC2	4	17	8	1.47748798762661	8.60575427682737	0.675743822491175
chr22	37912041	37912063	TG	11	MICALL1	8	13	11	0.971683953137933	10.1840645486636	0
chr22	38521538	38521588	AC	25	DMC1	17	29	24	1.899039216462	24.1140350877193	0.97125567322239
chr22	39765176	39765208	TG	16	ENTHD1	10	23	16	1.37867182775093	16.1552262090484	0.030257186081694
chr22	39995005	39995035	GGGCCG	5	FAM83F	1	7	5	0.329020033099084	5.03031834259727	0.00201714573878
chr22	41958483	41958507	GA	12	SMIM45	2	36	12	1.7122002563291	13.2020033388982	0.093797276853253
chr22	41994883	41994923	TG	20	SEPTIN3	9	28	20	1.69173906483945	20.285930408472	0
chr22	45323041	45323075	TG	17	FAM118A	1	55	18	1.70477919458112	18.4677256681795	0
